query,name,site,phone,phone.phones_enricher.carrier_type,full_address,borough,street,city,postal_code,state,us_state,country,country_code,latitude,longitude,h3,rating,reviews,reviews_link,photos_count,working_hours,logo,verified,place_id,email_1,email_1.emails_validator.status,email_1.emails_validator.status_details,email_1_full_name,facebook,instagram
"hvac, 36868, Phenix City, AL, US",Hugh's Heating & Air,https://hughsheatingandair.com/,+1 334-291-7746,landline,"3617 HIGHWAY 80 W, Phenix City, AL 36869",None,3617 HIGHWAY 80 W,Phenix City,36869,AL,Alabama,United States of America,US,32.4557267,-85.1964007,8944ee44327ffff,4.1,14,"https://search.google.com/local/reviews?placeid=ChIJg0y8rELOjIgRvELbIesEtOc&q=hvac,+36868,+Phenix+City,+AL,+US&authuser=0&hl=en&gl=US",6,"{""Monday"": ""Open 24 hours"", ""Tuesday"": ""Open 24 hours"", ""Wednesday"": ""Open 24 hours"", ""Thursday"": ""Open 24 hours"", ""Friday"": ""Open 24 hours"", ""Saturday"": ""Open 24 hours"", ""Sunday"": ""Open 24 hours""}",https://lh6.googleusercontent.com/-gSwGbj2Cn6w/AAAAAAAAAAI/AAAAAAAAAAA/jSgBflQFOyk/s44-p-k-no-ns-nd/photo.jpg,TRUE,ChIJg0y8rELOjIgRvELbIesEtOc,info@hughsheatingandair.com,INVALID,Cannot validate,,https://www.facebook.com/hughsHeatingAndAir/,
"hvac, 36868, Phenix City, AL, US",Thompson's Heating & Air LLC,,+1 706-981-5811,landline,,,,,,,,,,32.5511636,-84.9111184,8944c5b0d47ffff,5,14,"https://search.google.com/local/reviews?placeid=ChIJiVaAM9bEjIgRBTvfRneyuGI&q=hvac,+36868,+Phenix+City,+AL,+US&authuser=0&hl=en&gl=US",1,"{""Monday"": ""Open 24 hours"", ""Tuesday"": ""Open 24 hours"", ""Wednesday"": ""Open 24 hours"", ""Thursday"": ""Open 24 hours"", ""Friday"": ""Open 24 hours"", ""Saturday"": ""Open 24 hours"", ""Sunday"": ""Open 24 hours""}",https://lh6.googleusercontent.com/-XkKBIvD112w/AAAAAAAAAAI/AAAAAAAAAAA/HtXfylDD2tI/s44-p-k-no-ns-nd/photo.jpg,TRUE,ChIJiVaAM9bEjIgRBTvfRneyuGI,,,,,,
"hvac, 36868, Phenix City, AL, US",ProHVAC Heating & Cooling,https://www.prohvacco.com/,+1 334-384-9398,landline,"4243 Lee Road 248, Phenix City, AL 36867",None,4243 Lee Road 248,Phenix City,36867,Alabama,Alabama,United States of America,US,32.527297,-85.0343444,8944ee4ca77ffff,5,17,"https://search.google.com/local/reviews?placeid=ChIJ6SgxWn3MnE4RTo_idegMmYc&q=hvac,+36868,+Phenix+City,+AL,+US&authuser=0&hl=en&gl=US",12,"{""Monday"": ""Open 24 hours"", ""Tuesday"": ""Open 24 hours"", ""Wednesday"": ""Open 24 hours"", ""Thursday"": ""Open 24 hours"", ""Friday"": ""Open 24 hours"", ""Saturday"": ""Open 24 hours"", ""Sunday"": ""Open 24 hours""}",https://lh3.googleusercontent.com/-9MYSjZ-SNMY/AAAAAAAAAAI/AAAAAAAAAAA/UWUhtKccRb4/s44-p-k-no-ns-nd/photo.jpg,TRUE,ChIJ6SgxWn3MnE4RTo_idegMmYc,,,,,,
"hvac, 36868, Phenix City, AL, US",Underwood Heating and Air conditioning,https://www.underwoodheatingandair.com/,+1 334-846-0550,landline,,,,,,,,,,32.337566,-85.333565,8944ee0b03bffff,4.9,35,"https://search.google.com/local/reviews?placeid=ChIJd3b1r1WfPE8R3KMqXAdvdwY&q=hvac,+36868,+Phenix+City,+AL,+US&authuser=0&hl=en&gl=US",37,"{""Monday"": ""Open 24 hours"", ""Tuesday"": ""Open 24 hours"", ""Wednesday"": ""Open 24 hours"", ""Thursday"": ""Open 24 hours"", ""Friday"": ""Open 24 hours"", ""Saturday"": ""Open 24 hours"", ""Sunday"": ""Open 24 hours""}",https://lh5.googleusercontent.com/-LZJvxr1Eypg/AAAAAAAAAAI/AAAAAAAAAAA/QnuZCr0RHyY/s44-p-k-no-ns-nd/photo.jpg,TRUE,ChIJd3b1r1WfPE8R3KMqXAdvdwY,joseph.k.underwood80@gmail.com,RECEIVING,Verified,,,
"hvac, 36868, Phenix City, AL, US",Morris Service Co,http://morriscoolair.com/,+1 334-520-9931,mobile,,,,,,,,,,32.471542,-85.182209,8944ee45d0fffff,5,57,"https://search.google.com/local/reviews?placeid=ChIJFbhWGclmH6sRBfinvisiIIk&q=hvac,+36868,+Phenix+City,+AL,+US&authuser=0&hl=en&gl=US",16,"{""Monday"": ""Open 24 hours"", ""Tuesday"": ""Open 24 hours"", ""Wednesday"": ""Open 24 hours"", ""Thursday"": ""Open 24 hours"", ""Friday"": ""Open 24 hours"", ""Saturday"": ""Open 24 hours"", ""Sunday"": ""Open 24 hours""}",https://lh6.googleusercontent.com/-cpGbBsovA_Y/AAAAAAAAAAI/AAAAAAAAAAA/HCx0V6xrLuM/s44-p-k-no-ns-nd/photo.jpg,TRUE,ChIJFbhWGclmH6sRBfinvisiIIk,team@latofonts.com,RECEIVING,Catch All,,,
"hvac, 36868, Phenix City, AL, US","Martin Heating & Air Conditioning, LLC",http://www.martinheatingandaircompany.com/,+1 706-505-3316,mobile,"19 Walston Rd, Phenix City, AL 36870",None,19 Walston Rd,Phenix City,36870,Alabama,Alabama,United States of America,US,32.4566754,-85.1989258,8944ee44e53ffff,5,17,"https://search.google.com/local/reviews?placeid=ChIJm5T8nIDDjIgRTEX_dBoAsSE&q=hvac,+36868,+Phenix+City,+AL,+US&authuser=0&hl=en&gl=US",9,"{""Monday"": ""Open 24 hours"", ""Tuesday"": ""Open 24 hours"", ""Wednesday"": ""Open 24 hours"", ""Thursday"": ""Open 24 hours"", ""Friday"": ""Open 24 hours"", ""Saturday"": ""Open 24 hours"", ""Sunday"": ""Closed""}",https://lh5.googleusercontent.com/-OMWE21Iu-XQ/AAAAAAAAAAI/AAAAAAAAAAA/RrYLDc_F6cA/s44-p-k-no-ns-nd/photo.jpg,TRUE,ChIJm5T8nIDDjIgRTEX_dBoAsSE,tbmartin6994@gmail.com,RECEIVING,SMTP validated,,https://www.facebook.com/people/Martin-Heating-Air/100070152888260/,
"hvac, 36868, Phenix City, AL, US",Global Tech Energy Company LLC,,+1 334-297-0672,landline,"home, 1707 12th Pl S, Phenix City, AL 36869",None,"home, 1707 12th Pl S",Phenix City,36869,Alabama,Alabama,United States of America,US,32.4279161,-85.0172481,8944ee4f107ffff,4.5,2,"https://search.google.com/local/reviews?placeid=ChIJj37ik3fTjIgR709ug_mWh9w&q=hvac,+36868,+Phenix+City,+AL,+US&authuser=0&hl=en&gl=US",5,"{""Monday"": ""Open 24 hours"", ""Tuesday"": ""Open 24 hours"", ""Wednesday"": ""Open 24 hours"", ""Thursday"": ""Open 24 hours"", ""Friday"": ""Open 24 hours"", ""Saturday"": ""Open 24 hours"", ""Sunday"": ""Open 24 hours""}",https://lh6.googleusercontent.com/-n0Zl6w-I8IM/AAAAAAAAAAI/AAAAAAAAAAA/ZxJV1LodoA4/s44-p-k-no-ns-nd/photo.jpg,TRUE,ChIJj37ik3fTjIgR709ug_mWh9w,globaltechhc@gmail.com,INVALID,Cannot validate,,https://www.facebook.com/people/Global-Tech-Energy-CompanyLLC/100057210469051/?locale=en_GB,
"hvac, 36868, Phenix City, AL, US","Lewis Heating, Air Conditioning, & Refrigeration",http://www.lewishvacr.com/,+1 706-325-1956,mobile,,,,,,,,,,32.626987,-85.273639,8944ee63503ffff,5,6,"https://search.google.com/local/reviews?placeid=ChIJ_2ieiM4OdqIR8dar8nJxSCA&q=hvac,+36868,+Phenix+City,+AL,+US&authuser=0&hl=en&gl=US",3,,https://lh3.googleusercontent.com/-OqrBa94BJiE/AAAAAAAAAAI/AAAAAAAAAAA/ZBg0FZiNFwo/s44-p-k-no-ns-nd/photo.jpg,TRUE,ChIJ_2ieiM4OdqIR8dar8nJxSCA,zlewishvacr@gmail.com,RECEIVING,SMTP validated,,https://www.facebook.com/ZLewisHVACR,
"hvac, 36868, Phenix City, AL, US",Smith Mechanical Heating & Air,https://smithmechanicalair.com/,+1 334-614-9035,mobile,"27 Little Lake Rd, Phenix City, AL 36869",None,27 Little Lake Rd,Phenix City,36869,Alabama,Alabama,United States of America,US,32.4418304,-85.1911375,8944ee44313ffff,4.9,41,"https://search.google.com/local/reviews?placeid=ChIJJfl9d4DdjIgR_Y2g2bf-X5w&q=hvac,+36868,+Phenix+City,+AL,+US&authuser=0&hl=en&gl=US",5,"{""Monday"": ""Open 24 hours"", ""Tuesday"": ""Open 24 hours"", ""Wednesday"": ""Open 24 hours"", ""Thursday"": ""Open 24 hours"", ""Friday"": ""Open 24 hours"", ""Saturday"": ""Open 24 hours"", ""Sunday"": ""Open 24 hours""}",https://lh3.googleusercontent.com/-rQn9y2CrZNk/AAAAAAAAAAI/AAAAAAAAAAA/4xLlq2bepI0/s44-p-k-no-ns-nd/photo.jpg,TRUE,ChIJJfl9d4DdjIgR_Y2g2bf-X5w,billy.smith.2010@hotmail.com,RECEIVING,SMTP validated,,https://www.facebook.com/SmithMechanicalHeatingAir/,
"hvac, 36868, Phenix City, AL, US",Hugh's Heating & Air,https://www.hughsheatingandair.com/,+1 334-291-7746,landline,"3525 14th St, Phenix City, AL 36869",None,3525 14th St,Phenix City,36869,Alabama,Alabama,United States of America,US,32.4713618,-85.0454636,8944ee4c1d7ffff,4.1,14,"https://search.google.com/local/reviews?placeid=ChIJq6ra9ELOjIgRTEc0iMYjMxg&q=hvac,+36868,+Phenix+City,+AL,+US&authuser=0&hl=en&gl=US",1,,https://lh3.googleusercontent.com/-iGHhnEmWKwo/AAAAAAAAAAI/AAAAAAAAAAA/TNTGmwj7lI4/s44-p-k-no-ns-nd/photo.jpg,TRUE,ChIJq6ra9ELOjIgRTEc0iMYjMxg,info@hughsheatingandair.com,INVALID,Cannot validate,,https://www.facebook.com/hughsHeatingAndAir/,
"hvac, 36868, Phenix City, AL, US",Infinity Heating And Air Conditioning,,+1 334-468-1467,mobile,,,,,,,,,,32.45106,-85.028431,8944ee4c46fffff,,,,,"{""Monday"": ""Open 24 hours"", ""Tuesday"": ""Open 24 hours"", ""Wednesday"": ""Open 24 hours"", ""Thursday"": ""Open 24 hours"", ""Friday"": ""Open 24 hours"", ""Saturday"": ""Open 24 hours"", ""Sunday"": ""Open 24 hours""}",https://lh5.googleusercontent.com/-J__9J3moyDc/AAAAAAAAAAI/AAAAAAAAAAA/aEXwq-hbz44/s44-p-k-no-ns-nd/photo.jpg,TRUE,ChIJyWr6A-Nl5AoRQM6lQ4OSYxc,,,,,,
"hvac, 36868, Phenix City, AL, US",A+ Heat & Air,,+1 706-527-0487,mobile,,,,,,,,,,32.5725006,-85.327142,8944ee70e57ffff,5,2,"https://search.google.com/local/reviews?placeid=ChIJMYM2V8fOjIgR-bJ9HLrFkAY&q=hvac,+36868,+Phenix+City,+AL,+US&authuser=0&hl=en&gl=US",1,,https://lh4.googleusercontent.com/-007muNtLNF0/AAAAAAAAAAI/AAAAAAAAAAA/YJjm7JmxSUk/s44-p-k-no-ns-nd/photo.jpg,TRUE,ChIJMYM2V8fOjIgR-bJ9HLrFkAY,ndncounselor@hotmail.com,RECEIVING,SMTP validated,,https://www.facebook.com/APlusHeatandAirInc/,
"hvac, 36868, Phenix City, AL, US",Express Heating & Air Conditioning,http://www.expressairco.com/,+1 706-576-6800,,"5009 Summerville Rd #1, Phenix City, AL 36867",None,5009 Summerville Rd #1,Phenix City,36867,Alabama,Alabama,United States of America,US,32.5140646,-85.0237254,8944ee4dd37ffff,4.9,280,"https://search.google.com/local/reviews?placeid=ChIJ1-Ak_D8y84gRlPeVUDQnxOw&q=hvac,+36868,+Phenix+City,+AL,+US&authuser=0&hl=en&gl=US",7,"{""Monday"": ""7:30AM-8PM"", ""Tuesday"": ""7:30AM-8PM"", ""Wednesday"": ""7:30AM-8PM"", ""Thursday"": ""7:30AM-8PM"", ""Friday"": ""7:30AM-8PM"", ""Saturday"": ""7:30AM-6PM"", ""Sunday"": ""7:30AM-6PM""}",https://lh3.googleusercontent.com/-8bV8GvsynGk/AAAAAAAAAAI/AAAAAAAAAAA/gYASjte7FB0/s44-p-k-no-ns-nd/photo.jpg,TRUE,ChIJ1-Ak_D8y84gRlPeVUDQnxOw,expressairco@gmail.com,RECEIVING,SMTP validated,,https://facebook.com/Express-Heating-and-Air-Conditioning-377579306447309/,
"hvac, 36868, Phenix City, AL, US","2nd Mile Heating & Air, LLC",,+1 334-520-3836,mobile,,,,,,,,,,32.404119,-85.2926006,8944ee09307ffff,5,4,"https://search.google.com/local/reviews?placeid=ChIJVey8hTywrGoRCw_B4221FI4&q=hvac,+36868,+Phenix+City,+AL,+US&authuser=0&hl=en&gl=US",11,,https://lh3.googleusercontent.com/-LNwdQjRuBA4/AAAAAAAAAAI/AAAAAAAAAAA/tn0-wYQZyj4/s44-p-k-no-ns-nd/photo.jpg,TRUE,ChIJVey8hTywrGoRCw_B4221FI4,2milehvac@gmail.com,RECEIVING,SMTP validated,,https://www.facebook.com/2ndmilehvac/photos/,
"hvac, 36868, Phenix City, AL, US",Archie's Heating & Cooling,https://www.archiesheatingandcooling.com/,+1 334-550-8555,mobile,"1104 E 280 Byp Suite C, Phenix City, AL 36867",None,1104 E 280 Byp Suite C,Phenix City,36867,Alabama,Alabama,United States of America,US,32.4666911,-85.0262264,8944ee4c00fffff,4.7,12,"https://search.google.com/local/reviews?placeid=ChIJj8S3u_fPjIgRErOyODFNpNA&q=hvac,+36868,+Phenix+City,+AL,+US&authuser=0&hl=en&gl=US",4,"{""Monday"": ""Open 24 hours"", ""Tuesday"": ""Open 24 hours"", ""Wednesday"": ""Open 24 hours"", ""Thursday"": ""Open 24 hours"", ""Friday"": ""Open 24 hours"", ""Saturday"": ""Open 24 hours"", ""Sunday"": ""Open 24 hours""}",https://lh3.googleusercontent.com/-DfMeQcj93HY/AAAAAAAAAAI/AAAAAAAAAAA/TcGtqgcnYY8/s44-p-k-no-ns-nd/photo.jpg,TRUE,ChIJj8S3u_fPjIgRErOyODFNpNA,info@archiesheatingandcooling.com,INVALID,Invalid SMTP,,,
"hvac, 36868, Phenix City, AL, US",Riley Heating & Air Conditioning,https://rileycomfort.com/,+1 334-378-3537,mobile,"1019 Knowles Rd, Phenix City, AL 36869",None,1019 Knowles Rd,Phenix City,36869,Alabama,Alabama,United States of America,US,32.4528295,-85.0077467,8944ee4c677ffff,4.9,1258,"https://search.google.com/local/reviews?placeid=ChIJ0fyenO7NjIgRkvUPW-qQvuE&q=hvac,+36868,+Phenix+City,+AL,+US&authuser=0&hl=en&gl=US",52,"{""Monday"": ""6:30AM-7PM"", ""Tuesday"": ""6:30AM-7PM"", ""Wednesday"": ""6:30AM-7PM"", ""Thursday"": ""6:30AM-7PM"", ""Friday"": ""6:30AM-7PM"", ""Saturday"": ""6:30AM-7PM"", ""Sunday"": ""6:30AM-7PM""}",https://lh5.googleusercontent.com/-SEROb7MtX_k/AAAAAAAAAAI/AAAAAAAAAAA/sGSvT1ivR3A/s44-p-k-no-ns-nd/photo.jpg,TRUE,ChIJ0fyenO7NjIgRkvUPW-qQvuE,joey@rileycomfort.com,RECEIVING,SMTP validated,,https://www.facebook.com/riley.heatingandair/,
"hvac, 36868, Phenix City, AL, US",Allen Mechanical & HVAC LLC,,+1 334-740-1690,mobile,,,,,,,,,,32.549692,-85.273639,8944ee7110fffff,5,11,"https://search.google.com/local/reviews?placeid=ChIJcTUW2XfHjIgR9_epaiiRNk0&q=hvac,+36868,+Phenix+City,+AL,+US&authuser=0&hl=en&gl=US",7,"{""Monday"": ""Open 24 hours"", ""Tuesday"": ""Open 24 hours"", ""Wednesday"": ""Open 24 hours"", ""Thursday"": ""Open 24 hours"", ""Friday"": ""Open 24 hours"", ""Saturday"": ""Open 24 hours"", ""Sunday"": ""Open 24 hours""}",https://lh6.googleusercontent.com/-8cNthefkkdE/AAAAAAAAAAI/AAAAAAAAAAA/3UlYqkLNfGg/s44-p-k-no-ns-nd/photo.jpg,TRUE,ChIJcTUW2XfHjIgR9_epaiiRNk0,,,,,,
"hvac, 36868, Phenix City, AL, US",Affordable Heating & Cooling,https://www.myaffordableair.com/?utm_source=google,+1 706-332-9880,mobile,,,,,,,,,,32.467102,-85.182209,8944ee45d03ffff,4.8,78,"https://search.google.com/local/reviews?placeid=ChIJc2nQEfnOjIgRo9URajba-yg&q=hvac,+36868,+Phenix+City,+AL,+US&authuser=0&hl=en&gl=US",35,"{""Monday"": ""8AM-6PM"", ""Tuesday"": ""8AM-6PM"", ""Wednesday"": ""8AM-6PM"", ""Thursday"": ""8AM-6PM"", ""Friday"": ""8AM-6PM"", ""Saturday"": ""Closed"", ""Sunday"": ""Closed""}",https://lh5.googleusercontent.com/-in0f-bz3_0A/AAAAAAAAAAI/AAAAAAAAAAA/n9Y2mJbF030/s44-p-k-no-ns-nd/photo.jpg,TRUE,ChIJc2nQEfnOjIgRo9URajba-yg,collinnorton@affordablehvac.com,INVALID,Invalid SMTP,,https://www.facebook.com/affordableheatingandairconditioning/,
"hvac, 36868, Phenix City, AL, US",Priority Indoor Comfort,http://www.priorityindoorcomfort.com/?utm_source=google,+1 334-297-9820,,,,,,,,,,,32.404119,-85.182209,8944ee4468fffff,4.7,34,"https://search.google.com/local/reviews?placeid=ChIJRYluOAPSjIgRWUdF_rSqPzE&q=hvac,+36868,+Phenix+City,+AL,+US&authuser=0&hl=en&gl=US",1,"{""Monday"": ""8AM-4:30PM"", ""Tuesday"": ""8AM-4:30PM"", ""Wednesday"": ""8AM-4:30PM"", ""Thursday"": ""8AM-4:30PM"", ""Friday"": ""8AM-4:30PM"", ""Saturday"": ""Closed"", ""Sunday"": ""Closed""}",https://lh3.googleusercontent.com/-KImWcgZgu2Y/AAAAAAAAAAI/AAAAAAAAAAA/2YkQT7kvkx4/s44-p-k-no-ns-nd/photo.jpg,TRUE,ChIJRYluOAPSjIgRWUdF_rSqPzE,info@priorityindoorcomfort.com,RECEIVING,SMTP validated,,,
"hvac contractor, 36526, Daphne, AL, US",Captain Cool Cooling & Heating (Formerly Southeastern),https://captaincool.com/?utm_source=google,+1 251-278-3424,mobile,"19786-A AL-181 Suite A, Fairhope, AL 36532",None,19786-A AL-181 Suite A,Fairhope,36532,Alabama,Alabama,United States of America,US,30.5138415,-87.8524957,894450cd8a7ffff,5,336,"https://search.google.com/local/reviews?placeid=ChIJWbGrUqpqmogRvaY_u7s9kvI&q=hvac+contractor,+36526,+Daphne,+AL,+US&authuser=0&hl=en&gl=US",24,"{""Monday"": ""8AM-10PM"", ""Tuesday"": ""8AM-10PM"", ""Wednesday"": ""8AM-10PM"", ""Thursday"": ""8AM-10PM"", ""Friday"": ""8AM-10PM"", ""Saturday"": ""8AM-8PM"", ""Sunday"": ""8AM-8PM""}",https://lh4.googleusercontent.com/-iY4WPcJ4sVc/AAAAAAAAAAI/AAAAAAAAAAA/CirQXDq1eJY/s44-p-k-no-ns-nd/photo.jpg,TRUE,ChIJWbGrUqpqmogRvaY_u7s9kvI,customerservice@captaincool.com,RECEIVING,SMTP validated,,https://www.facebook.com/CaptainCoolCoolingHeating,
"hvac contractor, 36526, Daphne, AL, US",Fairhope Air Conditioning & Heating,,+1 251-928-1987,landline,,,,,,,,,,30.7327891,-87.70195,89445040b17ffff,5,2,"https://search.google.com/local/reviews?placeid=ChIJp7ddLAIVmogRGl5ETcrcJls&q=hvac+contractor,+36526,+Daphne,+AL,+US&authuser=0&hl=en&gl=US",3,"{""Monday"": ""Open 24 hours"", ""Tuesday"": ""Open 24 hours"", ""Wednesday"": ""Open 24 hours"", ""Thursday"": ""Open 24 hours"", ""Friday"": ""Open 24 hours"", ""Saturday"": ""Closed"", ""Sunday"": ""Closed""}",https://lh3.googleusercontent.com/-rHrez9ujLMs/AAAAAAAAAAI/AAAAAAAAAAA/W9mG-ECvUfI/s44-p-k-no-ns-nd/photo.jpg,TRUE,ChIJp7ddLAIVmogRGl5ETcrcJls,,,,,,
"hvac contractor, 36526, Daphne, AL, US",Strada Services,https://stradaservices.com/service-area/electric-daphne-al/?utm_source=localfx,+1 866-434-2218,,"27480 World Ct, Daphne, AL 36526",None,27480 World Ct,Daphne,36526,Alabama,Alabama,United States of America,US,30.6234539,-87.8881528,89445056abbffff,3.9,7,"https://search.google.com/local/reviews?placeid=ChIJqTNke6tDmogR7HWsjtfRECs&q=hvac+contractor,+36526,+Daphne,+AL,+US&authuser=0&hl=en&gl=US",22,"{""Monday"": ""8AM-5PM"", ""Tuesday"": ""8AM-5PM"", ""Wednesday"": ""8AM-5PM"", ""Thursday"": ""8AM-5PM"", ""Friday"": ""8AM-5PM"", ""Saturday"": ""Closed"", ""Sunday"": ""Closed""}",https://lh5.googleusercontent.com/-kj9xNiJE0fA/AAAAAAAAAAI/AAAAAAAAAAA/FisN3BgVDeI/s44-p-k-no-ns-nd/photo.jpg,TRUE,ChIJqTNke6tDmogR7HWsjtfRECs,info@stradaservices.com,RECEIVING,SMTP validated,,https://www.facebook.com/StradaServicesLLCFL,
"hvac contractor, 36526, Daphne, AL, US",Climatemp Cooling & Heating Inc.,http://www.myclimatemp.com/,,,"15704 South Blvd, Silverhill, AL 36576",None,15704 South Blvd,Silverhill,36576,Alabama,Alabama,United States of America,US,30.5377372,-87.7554092,89445050ca3ffff,4.3,6,"https://search.google.com/local/reviews?placeid=ChIJT6tpyiRtmogRks2DTqLyc70&q=hvac+contractor,+36526,+Daphne,+AL,+US&authuser=0&hl=en&gl=US",1,"{""Monday"": ""Open 24 hours"", ""Tuesday"": ""Open 24 hours"", ""Wednesday"": ""Open 24 hours"", ""Thursday"": ""Open 24 hours"", ""Friday"": ""Open 24 hours"", ""Saturday"": ""Open 24 hours"", ""Sunday"": ""Open 24 hours""}",,FALSE,ChIJT6tpyiRtmogRks2DTqLyc70,r.englebert@myclimatemp.com,INVALID,Invalid DNS,Randy Englebert,,
"hvac contractor, 36526, Daphne, AL, US",Available Heating & Air Inc,,+1 251-929-3224,landline,"20673 Lawrence Rd, Fairhope, AL 36532",None,20673 Lawrence Rd,Fairhope,36532,Alabama,Alabama,United States of America,US,30.526371,-87.8363988,894450cdb8bffff,4.7,12,"https://search.google.com/local/reviews?placeid=ChIJY2oWzIVAmogRA-9D_MLsANw&q=hvac+contractor,+36526,+Daphne,+AL,+US&authuser=0&hl=en&gl=US",9,"{""Monday"": ""Open 24 hours"", ""Tuesday"": ""Open 24 hours"", ""Wednesday"": ""Open 24 hours"", ""Thursday"": ""Open 24 hours"", ""Friday"": ""Open 24 hours"", ""Saturday"": ""Open 24 hours"", ""Sunday"": ""Open 24 hours""}",https://lh5.googleusercontent.com/--A9PwRNxoGk/AAAAAAAAAAI/AAAAAAAAAAA/VQuHNnyVDuY/s44-p-k-no-ns-nd/photo.jpg,TRUE,ChIJY2oWzIVAmogRA-9D_MLsANw,availableheating@att.net,RECEIVING,SMTP validated,,https://www.facebook.com/AvailableHeatingandAir/,
"hvac contractor, 36526, Daphne, AL, US",CCD Service Plus,http://www.ccdserviceplus.com/,+1 251-234-0485,mobile,,,,,,,,,,30.724592,-86.946353,894452c688fffff,5,12,"https://search.google.com/local/reviews?placeid=ChIJI1N6cENpmogRkOJxqKb6xeM&q=hvac+contractor,+36526,+Daphne,+AL,+US&authuser=0&hl=en&gl=US",22,"{""Monday"": ""7AM-5PM"", ""Tuesday"": ""7AM-5PM"", ""Wednesday"": ""7AM-5PM"", ""Thursday"": ""7AM-5PM"", ""Friday"": ""7AM-5PM"", ""Saturday"": ""Closed"", ""Sunday"": ""Closed""}",https://lh6.googleusercontent.com/-a_jxUm31ytU/AAAAAAAAAAI/AAAAAAAAAAA/NbXhbA3rsAU/s44-p-k-no-ns-nd/photo.jpg,TRUE,ChIJI1N6cENpmogRkOJxqKb6xeM,,,,,https://facebook.com/CCD,
"hvac contractor, 36526, Daphne, AL, US",Apex HVAC Solutions,https://apexhvacs.com/,+1 251-465-0811,landline,,,,,,,,,,30.7327891,-87.821353,894450463cbffff,5,11,"https://search.google.com/local/reviews?placeid=ChIJBSFtBSBbagMREhR_v6JlYxY&q=hvac+contractor,+36526,+Daphne,+AL,+US&authuser=0&hl=en&gl=US",8,"{""Monday"": ""7:30AM-8PM"", ""Tuesday"": ""7:30AM-8PM"", ""Wednesday"": ""7:30AM-8PM"", ""Thursday"": ""7:30AM-8PM"", ""Friday"": ""7:30AM-8PM"", ""Saturday"": ""7:30AM-8PM"", ""Sunday"": ""Closed""}",https://lh3.googleusercontent.com/-RxR95aGTSxk/AAAAAAAAAAI/AAAAAAAAAAA/Vz3PTcY-kOc/s44-p-k-no-ns-nd/photo.jpg,TRUE,ChIJBSFtBSBbagMREhR_v6JlYxY,support@apexhvacs.com,INVALID,Cannot validate,,,
"hvac contractor, 36526, Daphne, AL, US",A/C PROS,,+1 251-487-7241,mobile,"9720 Twin Beech Rd, Fairhope, AL 36532",None,9720 Twin Beech Rd,Fairhope,36532,Alabama,Alabama,United States of America,US,30.5014922,-87.8570422,894450cdd57ffff,5,226,"https://search.google.com/local/reviews?placeid=ChIJgZ1aEyQ_mogRhvjcf_ozw4U&q=hvac+contractor,+36526,+Daphne,+AL,+US&authuser=0&hl=en&gl=US",29,"{""Monday"": ""Open 24 hours"", ""Tuesday"": ""Open 24 hours"", ""Wednesday"": ""Open 24 hours"", ""Thursday"": ""Open 24 hours"", ""Friday"": ""Open 24 hours"", ""Saturday"": ""Open 24 hours"", ""Sunday"": ""Open 24 hours""}",https://lh4.googleusercontent.com/-w-x0mh1FItk/AAAAAAAAAAI/AAAAAAAAAAA/YA9AG1A6NZ4/s44-p-k-no-ns-nd/photo.jpg,TRUE,ChIJgZ1aEyQ_mogRhvjcf_ozw4U,dustin@ac-pros.net,RECEIVING,SMTP validated,,https://www.facebook.com/people/AC-PROS/100068180904148/,
"hvac contractor, 36526, Daphne, AL, US",Kool Air Services,http://koolairservices.net/,+1 251-200-1650,mobile,"2115 N Hickory St, Loxley, AL 36551",None,2115 N Hickory St,Loxley,36551,Alabama,Alabama,United States of America,US,30.6243541,-87.7532291,89445055223ffff,5,50,"https://search.google.com/local/reviews?placeid=ChIJq_MJD96i92QRVI47EF7P6CM&q=hvac+contractor,+36526,+Daphne,+AL,+US&authuser=0&hl=en&gl=US",26,"{""Monday"": ""Open 24 hours"", ""Tuesday"": ""Open 24 hours"", ""Wednesday"": ""Open 24 hours"", ""Thursday"": ""Open 24 hours"", ""Friday"": ""Open 24 hours"", ""Saturday"": ""Open 24 hours"", ""Sunday"": ""Open 24 hours""}",https://lh6.googleusercontent.com/-o7HBkwlqZi4/AAAAAAAAAAI/AAAAAAAAAAA/NrZ0oDHrryM/s44-p-k-no-ns-nd/photo.jpg,TRUE,ChIJq_MJD96i92QRVI47EF7P6CM,slovoy@koolairservices.net,RECEIVING,Verified,,,
"hvac contractor, 36526, Daphne, AL, US",Swinson Air Conditioning Company Inc.,https://swinsonac.com/contact-us/,+1 251-964-9009,fixed line,"13470 J B Williams Rd, Loxley, AL 36551",None,13470 J B Williams Rd,Loxley,36551,Alabama,Alabama,United States of America,US,30.6298539,-87.7933563,89445055107ffff,4.9,82,"https://search.google.com/local/reviews?placeid=ChIJSeZaxWU-mogRenRRzq87aD4&q=hvac+contractor,+36526,+Daphne,+AL,+US&authuser=0&hl=en&gl=US",19,"{""Monday"": ""8AM-4PM"", ""Tuesday"": ""8AM-4PM"", ""Wednesday"": ""8AM-4PM"", ""Thursday"": ""8AM-4PM"", ""Friday"": ""8AM-4PM"", ""Saturday"": ""Closed"", ""Sunday"": ""Closed""}",https://lh4.googleusercontent.com/-CaMOyrmisVA/AAAAAAAAAAI/AAAAAAAAAAA/2XVoXEzcLyQ/s44-p-k-no-ns-nd/photo.jpg,TRUE,ChIJSeZaxWU-mogRenRRzq87aD4,peter@swinsonac.com,RECEIVING,SMTP validated,Peter Swinson,https://www.facebook.com/swinsonac,https://instagram.com/swinsonac
"hvac contractor, 36526, Daphne, AL, US",Climatemp Cooling & Heating Inc.,https://www.climatempairconditioningheating.com/,,,,,,,,,,,,30.4828109,-87.6795966,894450506cbffff,4.7,524,"https://search.google.com/local/reviews?placeid=ChIJYQ1GOL0SmogRxDWSdr2_DuA&q=hvac+contractor,+36526,+Daphne,+AL,+US&authuser=0&hl=en&gl=US",62,"{""Monday"": ""Open 24 hours"", ""Tuesday"": ""Open 24 hours"", ""Wednesday"": ""Open 24 hours"", ""Thursday"": ""Open 24 hours"", ""Friday"": ""Open 24 hours"", ""Saturday"": ""Open 24 hours"", ""Sunday"": ""Open 24 hours""}",https://lh3.googleusercontent.com/-1a0IZBFLpa0/AAAAAAAAAAI/AAAAAAAAAAA/ZUm2Ztn_UmQ/s44-p-k-no-ns-nd/photo.jpg,TRUE,ChIJYQ1GOL0SmogRxDWSdr2_DuA,climatmp@gulftel.com,RECEIVING,SMTP validated,,https://www.facebook.com/ClimatempCoolingHeating/,
"hvac contractor, 36526, Daphne, AL, US",Baldwin handyman services LLC,http://baldwinhmservices.com/,+1 251-201-9742,,,,,,,,,,,30.5327434,-87.759966,89445052b4fffff,,,,,"{""Monday"": ""7AM-5PM"", ""Tuesday"": ""7AM-5PM"", ""Wednesday"": ""7AM-5PM"", ""Thursday"": ""7AM-5PM"", ""Friday"": ""8AM-5PM"", ""Saturday"": ""Closed"", ""Sunday"": ""Closed""}",https://lh6.googleusercontent.com/-BroKiAg-N0g/AAAAAAAAAAI/AAAAAAAAAAA/xyL5xU3dhLs/s44-p-k-no-ns-nd/photo.jpg,TRUE,ChIJW3T7DF0hhEYRTLl1AvGJbv0,jackbaldwiniii@gmail.com,RECEIVING,SMTP validated,,https://www.facebook.com/BaldwinHandyman/,
"hvac contractor, 36526, Daphne, AL, US",Wiley Services,,+1 251-947-4454,landline,"Spanish Fort, AL 36527",None,,Spanish Fort,36527,Alabama,Alabama,United States of America,US,30.6773964,-87.8331015,894450559b3ffff,5,3,"https://search.google.com/local/reviews?placeid=ChIJVVvbCWxomogREonZl8HwLUs&q=hvac+contractor,+36526,+Daphne,+AL,+US&authuser=0&hl=en&gl=US",1,,,FALSE,ChIJVVvbCWxomogREonZl8HwLUs,,,,,,
"hvac contractor, 36526, Daphne, AL, US","Real-Aire, LLC",,+1 251-279-0372,landline,,,,,,,,,,30.600587,-87.749791,89445055673ffff,5,18,"https://search.google.com/local/reviews?placeid=ChIJK0WWabh806URo-ag30HM89k&q=hvac+contractor,+36526,+Daphne,+AL,+US&authuser=0&hl=en&gl=US",9,,https://lh4.googleusercontent.com/-qQPUlBdJ6yM/AAAAAAAAAAI/AAAAAAAAAAA/Lj-9nM5I-Lo/s44-p-k-no-ns-nd/photo.jpg,TRUE,ChIJK0WWabh806URo-ag30HM89k,,,,,,
"hvac contractor, 36526, Daphne, AL, US",Bayside Plumbing,http://www.bayside-plumbing.com/,+1 251-451-7089,,"9930 Milton Jones Rd Suite 106, Daphne, AL 36526",None,9930 Milton Jones Rd Suite 106,Daphne,36526,Alabama,Alabama,United States of America,US,30.5957913,-87.8532628,894450544afffff,5,57,"https://search.google.com/local/reviews?placeid=ChIJtfAjSnhpmogRb4ru0bRoKHc&q=hvac+contractor,+36526,+Daphne,+AL,+US&authuser=0&hl=en&gl=US",4,"{""Monday"": ""8AM-5PM"", ""Tuesday"": ""8AM-5PM"", ""Wednesday"": ""8AM-5PM"", ""Thursday"": ""8AM-5PM"", ""Friday"": ""8AM-5PM"", ""Saturday"": ""Closed"", ""Sunday"": ""Closed""}",https://lh6.googleusercontent.com/-lOlA8IcFbuY/AAAAAAAAAAI/AAAAAAAAAAA/kaNczN1hEf4/s44-p-k-no-ns-nd/photo.jpg,TRUE,ChIJtfAjSnhpmogRb4ru0bRoKHc,info@bayside-plumbing.com,RECEIVING,SMTP validated,,https://www.facebook.com/Bayside-Plumbing-103218437864409/,https://www.instagram.com/baysideplumbingal
"hvac contractor, 36526, Daphne, AL, US",Bishop Air Conditioning & Heating,http://bishopaircondition.com/,+1 251-402-8678,mobile,"7911 Monk Rd, Fairhope, AL 36532",None,7911 Monk Rd,Fairhope,36532,Alabama,Alabama,United States of America,US,30.4581028,-87.8867444,894450cc0b7ffff,4.8,35,"https://search.google.com/local/reviews?placeid=ChIJo-f2HlM-mogR5av8Xcwpezo&q=hvac+contractor,+36526,+Daphne,+AL,+US&authuser=0&hl=en&gl=US",12,"{""Monday"": ""Open 24 hours"", ""Tuesday"": ""Open 24 hours"", ""Wednesday"": ""Open 24 hours"", ""Thursday"": ""Open 24 hours"", ""Friday"": ""Open 24 hours"", ""Saturday"": ""Open 24 hours"", ""Sunday"": ""Open 24 hours""}",https://lh5.googleusercontent.com/-DEjY3NN8-Kk/AAAAAAAAAAI/AAAAAAAAAAA/0ggTOYNqd08/s44-p-k-no-ns-nd/photo.jpg,TRUE,ChIJo-f2HlM-mogR5av8Xcwpezo,info@bishopaircondition.com,BLACKLISTED,SMTP validated,,https://www.facebook.com/Bishop-Air-Conditioning-Heating-998426903618966/,
"hvac contractor, 36526, Daphne, AL, US",Inland Air Systems Inc,https://inlandairsystemsinc.com/,+1 251-967-3133,,"8270 Spanish Fort Blvd, Spanish Fort, AL 36527",None,8270 Spanish Fort Blvd,Spanish Fort,36527,Alabama,Alabama,United States of America,US,30.6717631,-87.8810951,894450548a7ffff,5,2,"https://search.google.com/local/reviews?placeid=ChIJbyda3-lCmogRRd6Xu7SmhsA&q=hvac+contractor,+36526,+Daphne,+AL,+US&authuser=0&hl=en&gl=US",1,,,FALSE,ChIJbyda3-lCmogRRd6Xu7SmhsA,inlandairsystems@gmail.com,RECEIVING,SMTP validated,,https://www.facebook.com/InlandAirSystemsInc/,https://www.instagram.com/inlandairsystemsinc
"hvac contractor, 36526, Daphne, AL, US",Lightspeed Restoration of Baldwin County,https://lightspeedrestoration.com/baldwin-county-al/,+1 251-210-2850,,"25421 AL-181 Suite 103, Daphne, AL 36526",None,25421 AL-181 Suite 103,Daphne,36526,Alabama,Alabama,United States of America,US,30.59467,-87.8528,894450544afffff,4.8,26,"https://search.google.com/local/reviews?placeid=ChIJ9Ryk3FdpmogRkvEWF1eNMDk&q=hvac+contractor,+36526,+Daphne,+AL,+US&authuser=0&hl=en&gl=US",31,"{""Monday"": ""Open 24 hours"", ""Tuesday"": ""Open 24 hours"", ""Wednesday"": ""Open 24 hours"", ""Thursday"": ""Open 24 hours"", ""Friday"": ""Open 24 hours"", ""Saturday"": ""Open 24 hours"", ""Sunday"": ""Open 24 hours""}",https://lh6.googleusercontent.com/-RtFHQsmrIv0/AAAAAAAAAAI/AAAAAAAAAAA/NHdb_kSrwM8/s44-p-k-no-ns-nd/photo.jpg,TRUE,ChIJ9Ryk3FdpmogRkvEWF1eNMDk,info@lightspeedrestoration.com,RECEIVING,SMTP validated,,,
"hvac contractor, 36526, Daphne, AL, US",MDH Foundation Repair,https://mdhfoundationrepair.com/?utm_campaign=gmb,+1 251-325-4199,,"108 5th St, Daphne, AL 36526",None,108 5th St,Daphne,36526,Alabama,Alabama,United States of America,US,30.6441507,-87.9082435,89445056bafffff,4.9,139,"https://search.google.com/local/reviews?placeid=ChIJSag4paZDmogRfVRt8DQiQxU&q=hvac+contractor,+36526,+Daphne,+AL,+US&authuser=0&hl=en&gl=US",37,"{""Monday"": ""8AM-5PM"", ""Tuesday"": ""8AM-5PM"", ""Wednesday"": ""8AM-5PM"", ""Thursday"": ""8AM-5PM"", ""Friday"": ""8AM-5PM"", ""Saturday"": ""Closed"", ""Sunday"": ""Closed""}",https://lh3.googleusercontent.com/-p1qiS_OzAdk/AAAAAAAAAAI/AAAAAAAAAAA/uONG0cXNqHc/s44-p-k-no-ns-nd/photo.jpg,TRUE,ChIJSag4paZDmogRfVRt8DQiQxU,mdhfoundationrepair@gmail.com,RECEIVING,SMTP validated,,https://www.facebook.com/MDHFoundationRepair/,
"hvac contractor, 36526, Daphne, AL, US",Ingersoll's Refrigeration Air Conditioning & Heating,http://ingersollac.com/,+1 251-928-9392,fixed line,"762 Nichols Ave, Fairhope, AL 36532",None,762 Nichols Ave,Fairhope,36532,Alabama,Alabama,United States of America,US,30.5160349,-87.8883802,894450cca8fffff,5,13,"https://search.google.com/local/reviews?placeid=ChIJRwOxXHlAmogRIfS27khdpJA&q=hvac+contractor,+36526,+Daphne,+AL,+US&authuser=0&hl=en&gl=US",2,"{""Monday"": ""7:30AM-4:30PM"", ""Tuesday"": ""7:30AM-4:30PM"", ""Wednesday"": ""7:30AM-4:30PM"", ""Thursday"": ""7:30AM-4:30PM"", ""Friday"": ""7:30AM-4:30PM"", ""Saturday"": ""Closed"", ""Sunday"": ""Closed""}",https://lh4.googleusercontent.com/-w6Ag6tRm7K0/AAAAAAAAAAI/AAAAAAAAAAA/3b5EvVStzs4/s44-p-k-no-ns-nd/photo.jpg,TRUE,ChIJRwOxXHlAmogRIfS27khdpJA,ingersollrefrig@aol.com,RECEIVING,SMTP validated,,http://www.facebook.com/Ingersolls-Refrigeration-Air-Conditioning-Heating-1559966517385531,
"hvac contractor, 36526, Daphne, AL, US","Urgent Air Heating & Cooling, LLC",,+1 251-979-9433,mobile,,,,,,,,,,30.7399766,-87.787972,8944504712bffff,4.7,15,"https://search.google.com/local/reviews?placeid=ChIJSRHLc5VtmogRLD9ZROHjdHc&q=hvac+contractor,+36526,+Daphne,+AL,+US&authuser=0&hl=en&gl=US",4,"{""Monday"": ""Open 24 hours"", ""Tuesday"": ""Open 24 hours"", ""Wednesday"": ""Open 24 hours"", ""Thursday"": ""Open 24 hours"", ""Friday"": ""Open 24 hours"", ""Saturday"": ""Open 24 hours"", ""Sunday"": ""Open 24 hours""}",https://lh4.googleusercontent.com/-vsVBkx6HA30/AAAAAAAAAAI/AAAAAAAAAAA/Exugj-YCldw/s44-p-k-no-ns-nd/photo.jpg,TRUE,ChIJSRHLc5VtmogRLD9ZROHjdHc,,,,,,
"hvac contractor, 36526, Daphne, AL, US",Home Services at The Home Depot,https://www.homedepot.com/l/Daphne/AL/Daphne/36526/863/services?emt=HSGMBGoogleMaps,+1 844-476-2140,,"Jubilee Mall Shopping Center, 7100 US-90, Daphne, AL 36526",None,"Jubilee Mall Shopping Center, 7100 US-90",Daphne,36526,Alabama,Alabama,United States of America,US,30.6536994,-87.9012426,89445054d97ffff,2.4,7,"https://search.google.com/local/reviews?placeid=ChIJW6sLiwZDmogRE-VMg7jwiU8&q=hvac+contractor,+36526,+Daphne,+AL,+US&authuser=0&hl=en&gl=US",29,"{""Monday"": ""6AM-10PM"", ""Tuesday"": ""6AM-10PM"", ""Wednesday"": ""6AM-10PM"", ""Thursday"": ""6AM-10PM"", ""Friday"": ""6AM-10PM"", ""Saturday"": ""6AM-10PM"", ""Sunday"": ""8AM-8PM""}",https://lh4.googleusercontent.com/-uLw41O2trXw/AAAAAAAAAAI/AAAAAAAAAAA/Cf9CFkUddTI/s44-p-k-no-ns-nd/photo.jpg,TRUE,ChIJW6sLiwZDmogRE-VMg7jwiU8,public_relations@homedepot.com,RECEIVING,Catch All,George King,https://www.facebook.com/homedepot,
"hvac contractor, 36528, Dauphin Island, AL, US",M J Electric & AC Co,https://jmar-enterprises-inc.cms.webnode.page/,+1 251-391-9709,mobile,"1208 Cadillac Ave, Dauphin Island, AL 36528",None,1208 Cadillac Ave,Dauphin Island,36528,Alabama,Alabama,United States of America,US,30.2555068,-88.1179873,894450d6e6bffff,5,7,"https://search.google.com/local/reviews?placeid=ChIJWVoLyWgsmogRl9G-DXYBOLI&q=hvac+contractor,+36528,+Dauphin+Island,+AL,+US&authuser=0&hl=en&gl=US",3,"{""Monday"": ""7AM-9PM"", ""Tuesday"": ""7AM-9PM"", ""Wednesday"": ""7AM-9PM"", ""Thursday"": ""7AM-9PM"", ""Friday"": ""7AM-9PM"", ""Saturday"": ""8AM-9PM"", ""Sunday"": ""9AM-8PM""}",https://lh4.googleusercontent.com/-PLknU65Hijc/AAAAAAAAAAI/AAAAAAAAAAA/sJuflvRBxUM/s44-p-k-no-ns-nd/photo.jpg,TRUE,ChIJWVoLyWgsmogRl9G-DXYBOLI,info@mjelectric.com,RECEIVING,SMTP validated,,https://www.facebook.com/mjelectricllc/posts/we-are-expertly-equipped-to-perform-engineering-procurement-and-construction-epc/5550608008293816/,
"hvac contractor, 36529, Deer Park, AL, US",Deer Park,,,,Alabama 36529,None,,Deer Park,36529,Alabama,Alabama,United States of America,US,31.2169307,-88.3145093,8944502c2a7ffff,,,,1,,,,ChIJYcEtey8Ym4gRKSBeIXWGkak,,,,,,
"hvac contractor, 36530, Elberta, AL, US",American Air Solutions Inc.,,+1 251-943-6232,fixed line,"23810 US-98, Elberta, AL 36530",None,23810 US-98,Elberta,36530,Alabama,Alabama,United States of America,US,30.408369,-87.6182903,89445626a0fffff,4.9,24,"https://search.google.com/local/reviews?placeid=ChIJkzjNQ6IOmogRjXFq05qfcPc&q=hvac+contractor,+36530,+Elberta,+AL,+US&authuser=0&hl=en&gl=US",8,"{""Monday"": ""Open 24 hours"", ""Tuesday"": ""Open 24 hours"", ""Wednesday"": ""Open 24 hours"", ""Thursday"": ""Open 24 hours"", ""Friday"": ""Open 24 hours"", ""Saturday"": ""Open 24 hours"", ""Sunday"": ""Open 24 hours""}",https://lh4.googleusercontent.com/-FCLCSUHm4KY/AAAAAAAAAAI/AAAAAAAAAAA/Yut4MkKK0rY/s44-p-k-no-ns-nd/photo.jpg,TRUE,ChIJkzjNQ6IOmogRjXFq05qfcPc,,,,,,
"hvac contractor, 36530, Elberta, AL, US",Hero's Plumbing Repair - Elberta AL,https://herosplumbingrepair.com/,+1 251-284-4365,mobile,,,,,,,,,,30.7327891,-87.70195,89445040b17ffff,5,387,"https://search.google.com/local/reviews?placeid=ChIJB86mbOIPmogR-JJbvFgZUWU&q=hvac+contractor,+36530,+Elberta,+AL,+US&authuser=0&hl=en&gl=US",29,"{""Monday"": ""Open 24 hours"", ""Tuesday"": ""Open 24 hours"", ""Wednesday"": ""Open 24 hours"", ""Thursday"": ""Open 24 hours"", ""Friday"": ""Open 24 hours"", ""Saturday"": ""Open 24 hours"", ""Sunday"": ""Open 24 hours""}",https://lh6.googleusercontent.com/-ScVdkxOcuLY/AAAAAAAAAAI/AAAAAAAAAAA/MENmmeivorU/s44-p-k-no-ns-nd/photo.jpg,TRUE,ChIJB86mbOIPmogR-JJbvFgZUWU,herosplumbingrepair@hotmail.com,RECEIVING,SMTP validated,,https://www.facebook.com/herosplumbingrepair,
"hvac contractor, 36530, Elberta, AL, US",Superior Contracting Services,https://superiorcontractingservicesal.com/,+1 251-961-1592,landline,,,,,,,,,,30.7327891,-87.70195,89445040b17ffff,5,3,"https://search.google.com/local/reviews?placeid=ChIJcyGvKMqmkIgRsqNRMjC8pQI&q=hvac+contractor,+36530,+Elberta,+AL,+US&authuser=0&hl=en&gl=US",6,"{""Monday"": ""7AM-5PM"", ""Tuesday"": ""7AM-5PM"", ""Wednesday"": ""7AM-5PM"", ""Thursday"": ""7AM-5PM"", ""Friday"": ""7AM-5PM"", ""Saturday"": ""7AM-5PM"", ""Sunday"": ""Closed""}",https://lh6.googleusercontent.com/-N39BWkTsIRk/AAAAAAAAAAI/AAAAAAAAAAA/_7oAi2c6UpM/s44-p-k-no-ns-nd/photo.jpg,TRUE,ChIJcyGvKMqmkIgRsqNRMjC8pQI,superiorguyana@gmail.com,RECEIVING,SMTP validated,,http://www.facebook.com/Superior-Contracting-Services-100701826726132/,
"hvac contractor, 36530, Elberta, AL, US",Safe Harbor Home & Property Services LLC,https://safe-harbor-home-property-service-llc.ueniweb.com/?utm_campaign=gmb,+1 251-407-1955,,,,,,,,,,,30.3515429,-87.6579216,894450c9217ffff,5,1,"https://search.google.com/local/reviews?placeid=ChIJUTXocC6HWAgRKJJ4FX-CWyU&q=hvac+contractor,+36530,+Elberta,+AL,+US&authuser=0&hl=en&gl=US",26,"{""Monday"": ""Open 24 hours"", ""Tuesday"": ""Open 24 hours"", ""Wednesday"": ""Open 24 hours"", ""Thursday"": ""Open 24 hours"", ""Friday"": ""Open 24 hours"", ""Saturday"": ""Open 24 hours"", ""Sunday"": ""Open 24 hours""}",https://lh6.googleusercontent.com/-vGrzxCa0n_s/AAAAAAAAAAI/AAAAAAAAAAA/L4SG5eHvIrc/s44-p-k-no-ns-nd/photo.jpg,TRUE,ChIJUTXocC6HWAgRKJJ4FX-CWyU,,,,,,
"hvac contractor, 36530, Elberta, AL, US",Gone Coastal Plumbing and Air,https://gonecoastalplumbingair.net/,+1 251-979-9396,mobile,"30645 Cypress St, Perdido Beach, AL 36530",None,30645 Cypress St,Perdido Beach,36530,Alabama,Alabama,United States of America,US,30.345978,-87.503365,89445620983ffff,5,45,"https://search.google.com/local/reviews?placeid=ChIJh_vr04SnkIgRBYlTY8aYW4I&q=hvac+contractor,+36530,+Elberta,+AL,+US&authuser=0&hl=en&gl=US",95,"{""Monday"": ""Open 24 hours"", ""Tuesday"": ""Open 24 hours"", ""Wednesday"": ""Open 24 hours"", ""Thursday"": ""Open 24 hours"", ""Friday"": ""Open 24 hours"", ""Saturday"": ""Open 24 hours"", ""Sunday"": ""Open 24 hours""}",https://lh5.googleusercontent.com/-hD884lJdreQ/AAAAAAAAAAI/AAAAAAAAAAA/H3AmqVpcU6c/s44-p-k-no-ns-nd/photo.jpg,TRUE,ChIJh_vr04SnkIgRBYlTY8aYW4I,adam@gonecoastalplumbingair.net,INVALID,SMTP validated,,,
"hvac contractor, 36530, Elberta, AL, US",Creditable Heating and Air of Foley,https://www.creditableheatingandair.com/hvac-contractor-foley-alabama,+1 251-220-5693,,,,,,,,,,,30.4015014,-87.676141,89445626d27ffff,5,9,"https://search.google.com/local/reviews?placeid=ChIJX3QGlOTzySYREt8im4oHd5Q&q=hvac+contractor,+36530,+Elberta,+AL,+US&authuser=0&hl=en&gl=US",62,"{""Monday"": ""Open 24 hours"", ""Tuesday"": ""Open 24 hours"", ""Wednesday"": ""Open 24 hours"", ""Thursday"": ""Open 24 hours"", ""Friday"": ""Open 24 hours"", ""Saturday"": ""Open 24 hours"", ""Sunday"": ""Open 24 hours""}",https://lh3.googleusercontent.com/-Kk5YhqdKyC0/AAAAAAAAAAI/AAAAAAAAAAA/UgdreZHYonM/s44-p-k-no-ns-nd/photo.jpg,TRUE,ChIJX3QGlOTzySYREt8im4oHd5Q,info@creditableheatingandair.com,INVALID,Invalid DNS,,,
https://api.apify.com/v2/acts/compass~google-maps-reviews-scraper/run-sync-get-dataset-items?token=apify_api_de19yiE4Zk3BcgddqkE6Gts0RcTWvH2Al11j,,,,,,,,,,,,,,,,,,,,,,,,,,,,,,